Outcome,Term,SS,df,MS,F,p,Partial_Eta_Squared
Effort_Hours,Tool Support,26.1075,1,26.1075,173.9604251,6.854930863e-17,0.7981284907
Effort_Hours,Schedule Condition,12.8547,1,12.8547,85.65389551,6.881999212e-12,0.6606349557
Effort_Hours,Tool x Schedule,23.3523,1,23.3523,155.6018782,4.803155397e-16,0.7795611926
Effort_Hours,Residual,6.60339844,44,0.1500772373,,,
Quality_Score,Tool Support,8522.67,1,8522.67,171.1870142,9.099746869e-17,0.7955266949
Quality_Score,Schedule Condition,10126.83,1,10126.83,203.408297,4.160010229e-18,0.8221563281
Quality_Score,Tool x Schedule,2335.23,1,2335.23,46.90561187,1.905155867e-08,0.5159814769
Quality_Score,Residual,2190.572,44,49.78572727,,,
